<?xml version="1.0" encoding="utf-8"?>
<!--/383927/104081/2.50/7/2/Connector/-->
<quadcept_library>
  <setting unit="mil" />
  <textstyle name="Default" height="47.244094488189" strokewidth="7.8740157480315" charwidth="47.244094488189" />
  <textstyle name="Dimension" height="19.6850393700787" strokewidth="0" charwidth="19.6850393700787" />
  <textstyle name="H127W0635TH00762" height="50" strokewidth="3" charwidth="25" />
  <textstyle name="H15W15TH02" height="59.0551181102362" strokewidth="7.8740157480315" charwidth="59.0551181102362" />
  <padstyle name="r250_100" surface="True" plated="False" isvia="False" nopaste="False" nomask="True" complex="False" holesize="0">
    <padshape layer="TOP" shape="rectangle" width="39.370078740157" height="98.425196850392" />
    <padshape layer="TOP_SOLDER_MASK" shape="rectangle" width="47.244094488188" height="106.29921259842" />
    <padshape layer="TOP_SOLDER_PASTE" shape="rectangle" width="39.370078740157" height="98.425196850392" />
  </padstyle>
  <footprint name="M208900705" originx="0" originy="0" pickpointx="0" pickpointy="0">
    <pcbpin number="1" name="1" style="r250_100" originx="-300" originy="235.23622047244" rotation="0" />
    <pcbpin number="2" name="2" style="r250_100" originx="-200" originy="235.23622047244" rotation="0" />
    <pcbpin number="3" name="3" style="r250_100" originx="-99.999999999999" originy="235.23622047244" rotation="0" />
    <pcbpin number="4" name="4" style="r250_100" originx="0" originy="235.23622047244" rotation="0" />
    <pcbpin number="5" name="5" style="r250_100" originx="99.999999999999" originy="235.23622047244" rotation="0" />
    <pcbpin number="6" name="6" style="r250_100" originx="200" originy="235.23622047244" rotation="0" />
    <pcbpin number="7" name="7" style="r250_100" originx="300" originy="235.23622047244" rotation="0" />
    <line layer="TOP_ASSEMBLY" originx="-350" originy="0.98425196850393" endx="350" endy="0.98425196850393" width="3.9370078740157" />
    <line layer="TOP_ASSEMBLY" originx="350" originy="0.98425196850393" endx="350" endy="99.409448818896" width="3.9370078740157" />
    <line layer="TOP_ASSEMBLY" originx="350" originy="99.409448818896" endx="-350" endy="99.409448818896" width="3.9370078740157" />
    <line layer="TOP_ASSEMBLY" originx="-350" originy="99.409448818896" endx="-350" endy="0.98425196850393" width="3.9370078740157" />
    <line layer="TOP_SILKSCREEN" originx="-350" originy="0.98425196850393" endx="350" endy="0.98425196850393" width="7.8740157480314" />
    <line layer="TOP_SILKSCREEN" originx="350" originy="0.98425196850393" endx="350" endy="99.409448818896" width="7.8740157480314" />
    <line layer="TOP_SILKSCREEN" originx="350" originy="99.409448818896" endx="-350" endy="99.409448818896" width="7.8740157480314" />
    <line layer="TOP_SILKSCREEN" originx="-350" originy="99.409448818896" endx="-350" endy="0.98425196850393" width="7.8740157480314" />
    <line layer="TOP_PLACE_BOUND" originx="-389.37007874015" originy="-274.6062992126" endx="389.37007874015" endy="-274.6062992126" width="3.9370078740157" />
    <line layer="TOP_PLACE_BOUND" originx="389.37007874015" originy="-274.6062992126" endx="389.37007874015" endy="323.81889763779" width="3.9370078740157" />
    <line layer="TOP_PLACE_BOUND" originx="389.37007874015" originy="323.81889763779" endx="-389.37007874015" endy="323.81889763779" width="3.9370078740157" />
    <line layer="TOP_PLACE_BOUND" originx="-389.37007874015" originy="323.81889763779" endx="-389.37007874015" endy="-274.6062992126" width="3.9370078740157" />
    <line layer="TOP_ASSEMBLY" originx="-300" originy="-235.23622047244" endx="-300" endy="0.98425196850393" width="3.9370078740157" />
    <line layer="TOP_ASSEMBLY" originx="-200" originy="-235.23622047244" endx="-200" endy="0.98425196850393" width="3.9370078740157" />
    <line layer="TOP_ASSEMBLY" originx="-99.999999999999" originy="-235.23622047244" endx="-99.999999999999" endy="0.98425196850393" width="3.9370078740157" />
    <line layer="TOP_ASSEMBLY" originx="0" originy="-235.23622047244" endx="0" endy="0.98425196850393" width="3.9370078740157" />
    <line layer="TOP_ASSEMBLY" originx="99.999999999999" originy="-235.23622047244" endx="99.999999999999" endy="0.98425196850393" width="3.9370078740157" />
    <line layer="TOP_ASSEMBLY" originx="200" originy="-235.23622047244" endx="200" endy="0.98425196850393" width="3.9370078740157" />
    <line layer="TOP_ASSEMBLY" originx="300" originy="-235.23622047244" endx="300" endy="0.98425196850393" width="3.9370078740157" />
    <line layer="TOP_SILKSCREEN" originx="-300" originy="-235.23622047244" endx="-300" endy="0.98425196850393" width="7.8740157480314" />
    <line layer="TOP_SILKSCREEN" originx="-200" originy="-235.23622047244" endx="-200" endy="0.98425196850393" width="7.8740157480314" />
    <line layer="TOP_SILKSCREEN" originx="-99.999999999999" originy="-235.23622047244" endx="-99.999999999999" endy="0.98425196850393" width="7.8740157480314" />
    <line layer="TOP_SILKSCREEN" originx="0" originy="-235.23622047244" endx="0" endy="0.98425196850393" width="7.8740157480314" />
    <line layer="TOP_SILKSCREEN" originx="99.999999999999" originy="-235.23622047244" endx="99.999999999999" endy="0.98425196850393" width="7.8740157480314" />
    <line layer="TOP_SILKSCREEN" originx="200" originy="-235.23622047244" endx="200" endy="0.98425196850393" width="7.8740157480314" />
    <line layer="TOP_SILKSCREEN" originx="300" originy="-235.23622047244" endx="300" endy="0.98425196850393" width="7.8740157480314" />
    <line layer="TOP_SILKSCREEN" originx="-300" originy="307.08661417322" endx="-300" endy="307.08661417322" width="3.9370078740157" />
    <arc layer="TOP_SILKSCREEN" originx="-303.93700787401" originy="305.11811023622" startangle="90.0" sweepangle="180.0" radius="-1.9685039370078" width="3.9370078740157" />
    <line layer="TOP_SILKSCREEN" originx="-300" originy="303.14960629921" endx="-300" endy="303.14960629921" width="3.9370078740157" />
    <arc layer="TOP_SILKSCREEN" originx="-303.93700787401" originy="305.11811023622" startangle="-90.0" sweepangle="180.0" radius="-1.9685039370078" width="3.9370078740157" />
  </footprint>
  <symbol name="M20-8900705" originx="0" originy="0">
    <line originx="200" originy="100" endx="600" endy="100" width="0" />
    <line originx="600" originy="-700" endx="600" endy="100" width="0" />
    <line originx="600" originy="-700" endx="200" endy="-700" width="0" />
    <line originx="200" originy="100" endx="200" endy="-700" width="0" />
    <sympin number="1" originx="200" originy="0" rotation="180" length="100" width="7.8740157480315" flipped="False">
      <text name="pinname" originx="230" originy="0" style="Default" rotation="0" justify="left" flipped="False" hidden="False" data="1" />
      <text name="pindes" originx="140" originy="20" style="Default" rotation="0" justify="lowerright" flipped="False" hidden="False" data="1" />
    </sympin>
    <sympin number="2" originx="200" originy="-100" rotation="180" length="100" width="7.8740157480315" flipped="False">
      <text name="pinname" originx="230" originy="-100" style="Default" rotation="0" justify="left" flipped="False" hidden="False" data="2" />
      <text name="pindes" originx="140" originy="-80" style="Default" rotation="0" justify="lowerright" flipped="False" hidden="False" data="2" />
    </sympin>
    <sympin number="3" originx="200" originy="-200" rotation="180" length="100" width="7.8740157480315" flipped="False">
      <text name="pinname" originx="230" originy="-200" style="Default" rotation="0" justify="left" flipped="False" hidden="False" data="3" />
      <text name="pindes" originx="140" originy="-180" style="Default" rotation="0" justify="lowerright" flipped="False" hidden="False" data="3" />
    </sympin>
    <sympin number="4" originx="200" originy="-300" rotation="180" length="100" width="7.8740157480315" flipped="False">
      <text name="pinname" originx="230" originy="-300" style="Default" rotation="0" justify="left" flipped="False" hidden="False" data="4" />
      <text name="pindes" originx="140" originy="-280" style="Default" rotation="0" justify="lowerright" flipped="False" hidden="False" data="4" />
    </sympin>
    <sympin number="5" originx="200" originy="-400" rotation="180" length="100" width="7.8740157480315" flipped="False">
      <text name="pinname" originx="230" originy="-400" style="Default" rotation="0" justify="left" flipped="False" hidden="False" data="5" />
      <text name="pindes" originx="140" originy="-380" style="Default" rotation="0" justify="lowerright" flipped="False" hidden="False" data="5" />
    </sympin>
    <sympin number="6" originx="200" originy="-500" rotation="180" length="100" width="7.8740157480315" flipped="False">
      <text name="pinname" originx="230" originy="-500" style="Default" rotation="0" justify="left" flipped="False" hidden="False" data="6" />
      <text name="pindes" originx="140" originy="-480" style="Default" rotation="0" justify="lowerright" flipped="False" hidden="False" data="6" />
    </sympin>
    <sympin number="7" originx="200" originy="-600" rotation="180" length="100" width="7.8740157480315" flipped="False">
      <text name="pinname" originx="230" originy="-600" style="Default" rotation="0" justify="left" flipped="False" hidden="False" data="7" />
      <text name="pindes" originx="140" originy="-580" style="Default" rotation="0" justify="lowerright" flipped="False" hidden="False" data="7" />
    </sympin>
  </symbol>
  <component name="M20-8900705" designatorprefix="J" height="142.12598425197" footprint="M208900705">
    <comppin designator="1" sympin="1" pinswap="0" gateswap="0" gate="1" group="1" side="" type="Any" name="1" />
    <comppin designator="2" sympin="2" pinswap="0" gateswap="0" gate="1" group="1" side="" type="Any" name="2" />
    <comppin designator="3" sympin="3" pinswap="0" gateswap="0" gate="1" group="1" side="" type="Any" name="3" />
    <comppin designator="4" sympin="4" pinswap="0" gateswap="0" gate="1" group="1" side="" type="Any" name="4" />
    <comppin designator="5" sympin="5" pinswap="0" gateswap="0" gate="1" group="1" side="" type="Any" name="5" />
    <comppin designator="6" sympin="6" pinswap="0" gateswap="0" gate="1" group="1" side="" type="Any" name="6" />
    <comppin designator="7" sympin="7" pinswap="0" gateswap="0" gate="1" group="1" side="" type="Any" name="7" />
    <attached_symbol gate="1" name="M20-8900705" />
    <pinmap designator="1" footprintpin="1" />
    <pinmap designator="2" footprintpin="2" />
    <pinmap designator="3" footprintpin="3" />
    <pinmap designator="4" footprintpin="4" />
    <pinmap designator="5" footprintpin="5" />
    <pinmap designator="6" footprintpin="6" />
    <pinmap designator="7" footprintpin="7" />
    <text name="Datasheet" originx="0" originy="0" style="Default" rotation="0" justify="" flipped="False" hidden="True" data="https://cdn.harwin.com/pdfs/M20-890.pdf" />
    <text name="Description" originx="0" originy="0" style="Default" rotation="0" justify="" flipped="False" hidden="True" data="Connector Header Surface Mount, Right Angle 7 position 0.100&quot; (2.54mm)" />
    <text name="Mouser Part Number" originx="0" originy="0" style="Default" rotation="0" justify="" flipped="False" hidden="True" data="855-M20-8900705" />
    <text name="Mouser Price/Stock" originx="0" originy="0" style="Default" rotation="0" justify="" flipped="False" hidden="True" data="https://www.mouser.co.uk/ProductDetail/Harwin/M20-8900705?qs=vF78I%252BjhbY9cHkL8sRlgSQ%3D%3D" />
    <text name="Manufacturer_Name" originx="0" originy="0" style="Default" rotation="0" justify="" flipped="False" hidden="True" data="Harwin" />
    <text name="Manufacturer_Part_Number" originx="650" originy="200" style="Default" rotation="0" justify="left" flipped="False" hidden="False" data="M20-8900705" />
  </component>
</quadcept_library>
