<?xml version="1.0" encoding="utf-8"?>
<!--/537845/104081/2.50/5/4/Switch/-->
<quadcept_library>
  <setting unit="mil" />
  <textstyle name="Default" height="47.244094488189" strokewidth="7.8740157480315" charwidth="47.244094488189" />
  <textstyle name="Dimension" height="19.6850393700787" strokewidth="0" charwidth="19.6850393700787" />
  <textstyle name="H127W0635TH00762" height="50" strokewidth="3" charwidth="25" />
  <textstyle name="H15W15TH02" height="59.0551181102362" strokewidth="7.8740157480315" charwidth="59.0551181102362" />
  <padstyle name="r180_75" surface="True" plated="False" isvia="False" nopaste="False" nomask="True" complex="False" holesize="0">
    <padshape layer="TOP" shape="rectangle" width="29.527559055118" height="70.866141732283" />
    <padshape layer="TOP_SOLDER_MASK" shape="rectangle" width="37.401574803149" height="78.740157480314" />
    <padshape layer="TOP_SOLDER_PASTE" shape="rectangle" width="29.527559055118" height="70.866141732283" />
  </padstyle>
  <padstyle name="r180_60" surface="True" plated="False" isvia="False" nopaste="False" nomask="True" complex="False" holesize="0">
    <padshape layer="TOP" shape="rectangle" width="23.622047244094" height="70.866141732283" />
    <padshape layer="TOP_SOLDER_MASK" shape="rectangle" width="31.496062992126" height="78.740157480314" />
    <padshape layer="TOP_SOLDER_PASTE" shape="rectangle" width="23.622047244094" height="70.866141732283" />
  </padstyle>
  <padstyle name="r130_90" surface="True" plated="False" isvia="False" nopaste="False" nomask="True" complex="False" holesize="0">
    <padshape layer="TOP" shape="rectangle" width="35.433070866141" height="51.181102362204" />
    <padshape layer="TOP_SOLDER_MASK" shape="rectangle" width="43.307086614173" height="59.055118110235" />
    <padshape layer="TOP_SOLDER_PASTE" shape="rectangle" width="35.433070866141" height="51.181102362204" />
  </padstyle>
  <footprint name="SKRTLBE010" originx="0" originy="0" pickpointx="0" pickpointy="0">
    <pcbpin number="1" name="1" style="r180_75" originx="48.228346456692" originy="29.527559055118" rotation="0" />
    <pcbpin number="2" name="2" style="r180_60" originx="0" originy="29.527559055118" rotation="0" />
    <pcbpin number="3" name="3" style="r180_75" originx="-48.228346456692" originy="29.527559055118" rotation="0" />
    <pcbpin number="4" name="4" style="r130_90" originx="-72.83464566929" originy="-47.244094488188" rotation="90" />
    <pcbpin number="5" name="5" style="r130_90" originx="72.83464566929" originy="-47.244094488188" rotation="90" />
    <line layer="TOP_ASSEMBLY" originx="-88.582677165353" originy="64.960629921259" endx="88.582677165353" endy="64.960629921259" width="7.8740157480314" />
    <line layer="TOP_ASSEMBLY" originx="88.582677165353" originy="64.960629921259" endx="88.582677165353" endy="-64.960629921259" width="7.8740157480314" />
    <line layer="TOP_ASSEMBLY" originx="88.582677165353" originy="-64.960629921259" endx="-88.582677165353" endy="-64.960629921259" width="7.8740157480314" />
    <line layer="TOP_ASSEMBLY" originx="-88.582677165353" originy="-64.960629921259" endx="-88.582677165353" endy="64.960629921259" width="7.8740157480314" />
    <line layer="TOP_PLACE_BOUND" originx="-137.79527559055" originy="125.9842519685" endx="137.79527559055" endy="125.9842519685" width="3.9370078740157" />
    <line layer="TOP_PLACE_BOUND" originx="137.79527559055" originy="125.9842519685" endx="137.79527559055" endy="-104.33070866142" width="3.9370078740157" />
    <line layer="TOP_PLACE_BOUND" originx="137.79527559055" originy="-104.33070866142" endx="-137.79527559055" endy="-104.33070866142" width="3.9370078740157" />
    <line layer="TOP_PLACE_BOUND" originx="-137.79527559055" originy="-104.33070866142" endx="-137.79527559055" endy="125.9842519685" width="3.9370078740157" />
    <line layer="TOP_SILKSCREEN" originx="-78.740157480314" originy="64.960629921259" endx="-88.582677165353" endy="64.960629921259" width="3.9370078740157" />
    <line layer="TOP_SILKSCREEN" originx="-88.582677165353" originy="64.960629921259" endx="-88.582677165353" endy="-19.685039370078" width="3.9370078740157" />
    <line layer="TOP_SILKSCREEN" originx="78.740157480314" originy="64.960629921259" endx="88.582677165353" endy="64.960629921259" width="3.9370078740157" />
    <line layer="TOP_SILKSCREEN" originx="88.582677165353" originy="64.960629921259" endx="88.582677165353" endy="-19.685039370078" width="3.9370078740157" />
    <line layer="TOP_SILKSCREEN" originx="-39.370078740157" originy="-64.960629921259" endx="39.370078740157" endy="-64.960629921259" width="3.9370078740157" />
    <line layer="TOP_SILKSCREEN" originx="44.291338582677" originy="82.67716535433" endx="44.291338582677" endy="82.67716535433" width="7.8740157480314" />
    <arc layer="TOP_SILKSCREEN" originx="48.228346456692" originy="82.67716535433" startangle="180.0" sweepangle="-180.0" radius="3.9370078740157" width="7.8740157480314" />
    <line layer="TOP_SILKSCREEN" originx="52.165354330708" originy="82.67716535433" endx="52.165354330708" endy="82.67716535433" width="7.8740157480314" />
    <arc layer="TOP_SILKSCREEN" originx="48.228346456692" originy="82.67716535433" startangle=".0" sweepangle="-180.0" radius="3.9370078740157" width="7.8740157480314" />
  </footprint>
  <symbol name="SKRTLBE010" originx="0" originy="0">
    <line originx="200" originy="100" endx="800" endy="100" width="0" />
    <line originx="800" originy="-300" endx="800" endy="100" width="0" />
    <line originx="800" originy="-300" endx="200" endy="-300" width="0" />
    <line originx="200" originy="100" endx="200" endy="-300" width="0" />
    <sympin number="1" originx="800" originy="-200" rotation="0" length="100" width="7.8740157480315" flipped="False">
      <text name="pinname" originx="770" originy="-200" style="Default" rotation="0" justify="right" flipped="False" hidden="False" data="COM_1" />
      <text name="pindes" originx="860" originy="-180" style="Default" rotation="0" justify="lowerleft" flipped="False" hidden="False" data="1" />
    </sympin>
    <sympin number="2" originx="800" originy="-100" rotation="0" length="100" width="7.8740157480315" flipped="False">
      <text name="pinname" originx="770" originy="-100" style="Default" rotation="0" justify="right" flipped="False" hidden="False" data="NO" />
      <text name="pindes" originx="860" originy="-80" style="Default" rotation="0" justify="lowerleft" flipped="False" hidden="False" data="2" />
    </sympin>
    <sympin number="3" originx="800" originy="0" rotation="0" length="100" width="7.8740157480315" flipped="False">
      <text name="pinname" originx="770" originy="0" style="Default" rotation="0" justify="right" flipped="False" hidden="False" data="COM_2" />
      <text name="pindes" originx="860" originy="20" style="Default" rotation="0" justify="lowerleft" flipped="False" hidden="False" data="3" />
    </sympin>
    <sympin number="4" originx="200" originy="0" rotation="180" length="100" width="7.8740157480315" flipped="False">
      <text name="pinname" originx="230" originy="0" style="Default" rotation="0" justify="left" flipped="False" hidden="False" data="4" />
      <text name="pindes" originx="140" originy="20" style="Default" rotation="0" justify="lowerright" flipped="False" hidden="False" data="4" />
    </sympin>
    <sympin number="5" originx="200" originy="-100" rotation="180" length="100" width="7.8740157480315" flipped="False">
      <text name="pinname" originx="230" originy="-100" style="Default" rotation="0" justify="left" flipped="False" hidden="False" data="5" />
      <text name="pindes" originx="140" originy="-80" style="Default" rotation="0" justify="lowerright" flipped="False" hidden="False" data="5" />
    </sympin>
  </symbol>
  <component name="SKRTLBE010" designatorprefix="S" height="133.85826771653" footprint="SKRTLBE010">
    <comppin designator="1" sympin="1" pinswap="0" gateswap="0" gate="1" group="1" side="" type="Any" name="COM_1" />
    <comppin designator="2" sympin="2" pinswap="0" gateswap="0" gate="1" group="1" side="" type="Any" name="NO" />
    <comppin designator="3" sympin="3" pinswap="0" gateswap="0" gate="1" group="1" side="" type="Any" name="COM_2" />
    <comppin designator="4" sympin="4" pinswap="0" gateswap="0" gate="1" group="1" side="" type="Any" name="4" />
    <comppin designator="5" sympin="5" pinswap="0" gateswap="0" gate="1" group="1" side="" type="Any" name="5" />
    <attached_symbol gate="1" name="SKRTLBE010" />
    <pinmap designator="1" footprintpin="1" />
    <pinmap designator="2" footprintpin="2" />
    <pinmap designator="3" footprintpin="3" />
    <pinmap designator="4" footprintpin="4" />
    <pinmap designator="5" footprintpin="5" />
    <text name="Datasheet" originx="0" originy="0" style="Default" rotation="0" justify="" flipped="False" hidden="True" data="https://www.alps.com/prod/info/E/HTML/Tact/SurfaceMount/SKRT/SKRTLBE010.html" />
    <text name="Description" originx="0" originy="0" style="Default" rotation="0" justify="" flipped="False" hidden="True" data="White Button Tactile Switch, SPST-NO 50 mA 0.84mm Surface Mount" />
    <text name="Mouser Part Number" originx="0" originy="0" style="Default" rotation="0" justify="" flipped="False" hidden="True" data="688-SKRTLB" />
    <text name="Mouser Price/Stock" originx="0" originy="0" style="Default" rotation="0" justify="" flipped="False" hidden="True" data="https://www.mouser.co.uk/ProductDetail/Alps-Alpine/SKRTLBE010?qs=4nKZKRgDHlmPZKeq6UZD4g%3D%3D" />
    <text name="Manufacturer_Name" originx="0" originy="0" style="Default" rotation="0" justify="" flipped="False" hidden="True" data="ALPS Electric" />
    <text name="Manufacturer_Part_Number" originx="850" originy="200" style="Default" rotation="0" justify="left" flipped="False" hidden="False" data="SKRTLBE010" />
  </component>
</quadcept_library>
