<?xml version="1.0" encoding="utf-8"?>
<!--/14946339/104081/2.50/6/3/Connector/-->
<quadcept_library>
  <setting unit="mil" />
  <textstyle name="Default" height="47.244094488189" strokewidth="7.8740157480315" charwidth="47.244094488189" />
  <textstyle name="Dimension" height="19.6850393700787" strokewidth="0" charwidth="19.6850393700787" />
  <textstyle name="H127W0635TH00762" height="50" strokewidth="3" charwidth="25" />
  <textstyle name="H15W15TH02" height="59.0551181102362" strokewidth="7.8740157480315" charwidth="59.0551181102362" />
  <padstyle name="r180_112" surface="True" plated="False" isvia="False" nopaste="False" nomask="True" complex="False" holesize="0">
    <padshape layer="TOP" shape="rectangle" width="44.094488188976" height="70.866141732283" />
    <padshape layer="TOP_SOLDER_MASK" shape="rectangle" width="51.968503937007" height="78.740157480314" />
    <padshape layer="TOP_SOLDER_PASTE" shape="rectangle" width="44.094488188976" height="70.866141732283" />
  </padstyle>
  <padstyle name="c364.5_h243" surface="False" plated="True" isvia="False" nopaste="True" nomask="True" complex="False" holesize="95.669291338582">
    <padshape layer="TOP" shape="round" width="143.50393700787" height="143.50393700787" />
    <padshape layer="TOP_SOLDER_MASK" shape="round" width="151.3779527559" height="151.3779527559" />
    <padshape layer="INNER" shape="round" width="143.50393700787" height="143.50393700787" />
    <padshape layer="BOTTOM" shape="round" width="143.50393700787" height="143.50393700787" />
    <padshape layer="BOTTOM_SOLDER_MASK" shape="round" width="151.3779527559" height="151.3779527559" />
  </padstyle>
  <padstyle name="c65_h130" surface="False" plated="True" isvia="False" nopaste="True" nomask="True" complex="False" holesize="51.181102362204">
    <padshape layer="TOP" shape="round" width="25.590551181102" height="25.590551181102" />
    <padshape layer="TOP_SOLDER_MASK" shape="round" width="33.464566929133" height="33.464566929133" />
    <padshape layer="INNER" shape="round" width="25.590551181102" height="25.590551181102" />
    <padshape layer="BOTTOM" shape="round" width="25.590551181102" height="25.590551181102" />
    <padshape layer="BOTTOM_SOLDER_MASK" shape="round" width="33.464566929133" height="33.464566929133" />
  </padstyle>
  <footprint name="USB1055GFLA" originx="0" originy="0" pickpointx="0" pickpointy="0">
    <pcbpin number="1" name="1" style="r180_112" originx="-137.79527559055" originy="276.3779527559" rotation="0" />
    <pcbpin number="2" name="2" style="r180_112" originx="-39.370078740157" originy="276.3779527559" rotation="0" />
    <pcbpin number="3" name="3" style="r180_112" originx="39.370078740157" originy="276.3779527559" rotation="0" />
    <pcbpin number="4" name="4" style="r180_112" originx="137.79527559055" originy="276.3779527559" rotation="0" />
    <pcbpin number="5" name="MH1" style="c364.5_h243" originx="-322.83464566929" originy="126.3779527559" rotation="90" />
    <pcbpin number="6" name="MH2" style="c364.5_h243" originx="322.83464566929" originy="126.3779527559" rotation="90" />
    <pcbpin number="7" name="MH3" style="c65_h130" originx="-287.40157480315" originy="292.51968503937" rotation="90" />
    <pcbpin number="8" name="MH4" style="c65_h130" originx="287.40157480315" originy="292.51968503937" rotation="90" />
    <line layer="TOP_PLACE_BOUND" originx="-433.93700787401" originy="357.48031496063" endx="433.97637795275" endy="357.48031496063" width="3.9370078740157" />
    <line layer="TOP_PLACE_BOUND" originx="433.97637795275" originy="357.48031496063" endx="433.97637795275" endy="-355.90551181102" width="3.9370078740157" />
    <line layer="TOP_PLACE_BOUND" originx="433.97637795275" originy="-355.90551181102" endx="-433.93700787401" endy="-355.90551181102" width="3.9370078740157" />
    <line layer="TOP_PLACE_BOUND" originx="-433.93700787401" originy="-355.90551181102" endx="-433.93700787401" endy="357.48031496063" width="3.9370078740157" />
    <line layer="TOP_ASSEMBLY" originx="196.85039370078" originy="240.94488188976" endx="196.85039370078" endy="292.51968503937" width="3.9370078740157" />
    <line layer="TOP_ASSEMBLY" originx="196.85039370078" originy="292.51968503937" endx="216.53543307086" endy="316.53543307086" width="3.9370078740157" />
    <line layer="TOP_ASSEMBLY" originx="216.53543307086" originy="316.53543307086" endx="311.41732283464" endy="316.53543307086" width="3.9370078740157" />
    <line layer="TOP_ASSEMBLY" originx="311.41732283464" originy="316.53543307086" endx="311.41732283464" endy="177.16535433071" width="3.9370078740157" />
    <line layer="TOP_ASSEMBLY" originx="311.41732283464" originy="177.16535433071" endx="322.83464566929" endy="177.16535433071" width="3.9370078740157" />
    <line layer="TOP_ASSEMBLY" originx="322.83464566929" originy="177.16535433071" endx="322.83464566929" endy="98.425196850392" width="3.9370078740157" />
    <line layer="TOP_ASSEMBLY" originx="322.83464566929" originy="98.425196850392" endx="311.81102362204" endy="98.425196850392" width="3.9370078740157" />
    <line layer="TOP_ASSEMBLY" originx="311.81102362204" originy="98.425196850392" endx="311.41732283464" endy="-98.425196850392" width="3.9370078740157" />
    <line layer="TOP_ASSEMBLY" originx="311.41732283464" originy="-98.425196850392" endx="295.27559055118" endy="-137.79527559055" width="3.9370078740157" />
    <line layer="TOP_ASSEMBLY" originx="295.27559055118" originy="-137.79527559055" endx="275.5905511811" endy="-137.79527559055" width="3.9370078740157" />
    <line layer="TOP_ASSEMBLY" originx="275.5905511811" originy="-137.79527559055" endx="255.90551181102" endy="-98.425196850392" width="3.9370078740157" />
    <line layer="TOP_ASSEMBLY" originx="255.90551181102" originy="-98.425196850392" endx="255.90551181102" endy="-19.685039370078" width="3.9370078740157" />
    <line layer="TOP_ASSEMBLY" originx="255.90551181102" originy="-19.685039370078" endx="236.22047244094" endy="-19.685039370078" width="3.9370078740157" />
    <line layer="TOP_ASSEMBLY" originx="236.22047244094" originy="-19.685039370078" endx="236.22047244094" endy="-295.27559055118" width="3.9370078740157" />
    <line layer="TOP_ASSEMBLY" originx="236.22047244094" originy="-295.27559055118" endx="236.22047244094" endy="-307.08661417322" width="3.9370078740157" />
    <line layer="TOP_ASSEMBLY" originx="236.22047244094" originy="-307.08661417322" endx="275.5905511811" endy="-307.08661417322" width="3.9370078740157" />
    <line layer="TOP_ASSEMBLY" originx="275.5905511811" originy="-307.08661417322" endx="275.5905511811" endy="-314.96062992126" width="3.9370078740157" />
    <line layer="TOP_ASSEMBLY" originx="275.5905511811" originy="-314.96062992126" endx="216.53543307086" endy="-316.53543307086" width="3.9370078740157" />
    <line layer="TOP_ASSEMBLY" originx="216.53543307086" originy="-316.53543307086" endx="216.53543307086" endy="-291.33858267716" width="3.9370078740157" />
    <line layer="TOP_ASSEMBLY" originx="216.53543307086" originy="-291.33858267716" endx="177.16535433071" endy="-291.33858267716" width="3.9370078740157" />
    <line layer="TOP_ASSEMBLY" originx="177.16535433071" originy="-291.33858267716" endx="177.16535433071" endy="-314.96062992126" width="3.9370078740157" />
    <line layer="TOP_ASSEMBLY" originx="-311.41732283464" originy="316.53543307086" endx="-311.41732283464" endy="173.22834645669" width="3.9370078740157" />
    <line layer="TOP_ASSEMBLY" originx="-311.41732283464" originy="173.22834645669" endx="-322.83464566929" endy="173.22834645669" width="3.9370078740157" />
    <line layer="TOP_ASSEMBLY" originx="-322.83464566929" originy="173.22834645669" endx="-322.83464566929" endy="102.36220472441" width="3.9370078740157" />
    <line layer="TOP_ASSEMBLY" originx="-322.83464566929" originy="102.36220472441" endx="-311.41732283464" endy="102.36220472441" width="3.9370078740157" />
    <line layer="TOP_ASSEMBLY" originx="-311.41732283464" originy="102.36220472441" endx="-311.41732283464" endy="-98.425196850392" width="3.9370078740157" />
    <line layer="TOP_ASSEMBLY" originx="-311.41732283464" originy="-98.425196850392" endx="-291.33858267716" endy="-137.79527559055" width="3.9370078740157" />
    <line layer="TOP_ASSEMBLY" originx="-291.33858267716" originy="-137.79527559055" endx="-275.5905511811" endy="-137.79527559055" width="3.9370078740157" />
    <line layer="TOP_ASSEMBLY" originx="-275.5905511811" originy="-137.79527559055" endx="-255.90551181102" endy="-98.425196850392" width="3.9370078740157" />
    <line layer="TOP_ASSEMBLY" originx="-255.90551181102" originy="-98.425196850392" endx="-255.90551181102" endy="-39.370078740157" width="3.9370078740157" />
    <line layer="TOP_ASSEMBLY" originx="-255.90551181102" originy="-39.370078740157" endx="-255.90551181102" endy="-19.685039370078" width="3.9370078740157" />
    <line layer="TOP_ASSEMBLY" originx="-255.90551181102" originy="-19.685039370078" endx="-236.22047244094" endy="-19.685039370078" width="3.9370078740157" />
    <line layer="TOP_ASSEMBLY" originx="-236.22047244094" originy="-19.685039370078" endx="-236.22047244094" endy="-307.08661417322" width="3.9370078740157" />
    <line layer="TOP_ASSEMBLY" originx="-236.22047244094" originy="-307.08661417322" endx="-275.5905511811" endy="-307.08661417322" width="3.9370078740157" />
    <line layer="TOP_ASSEMBLY" originx="-275.5905511811" originy="-307.08661417322" endx="-275.5905511811" endy="-314.96062992126" width="3.9370078740157" />
    <line layer="TOP_ASSEMBLY" originx="-275.5905511811" originy="-314.96062992126" endx="-216.53543307086" endy="-314.96062992126" width="3.9370078740157" />
    <line layer="TOP_ASSEMBLY" originx="-216.53543307086" originy="-314.96062992126" endx="-216.53543307086" endy="-291.33858267716" width="3.9370078740157" />
    <line layer="TOP_ASSEMBLY" originx="-216.53543307086" originy="-291.33858267716" endx="-177.16535433071" endy="-291.33858267716" width="3.9370078740157" />
    <line layer="TOP_ASSEMBLY" originx="-177.16535433071" originy="-291.33858267716" endx="-177.16535433071" endy="-316.53543307086" width="3.9370078740157" />
    <line layer="TOP_ASSEMBLY" originx="-177.16535433071" originy="-316.53543307086" endx="177.16535433071" endy="-314.96062992126" width="3.9370078740157" />
    <line layer="TOP_ASSEMBLY" originx="196.85039370078" originy="244.09448818897" endx="157.48031496063" endy="244.09448818897" width="3.9370078740157" />
    <line layer="TOP_ASSEMBLY" originx="157.48031496063" originy="244.09448818897" endx="149.6062992126" endy="228.34645669291" width="3.9370078740157" />
    <line layer="TOP_ASSEMBLY" originx="149.6062992126" originy="228.34645669291" endx="133.85826771653" endy="228.34645669291" width="3.9370078740157" />
    <line layer="TOP_ASSEMBLY" originx="133.85826771653" originy="228.34645669291" endx="133.85826771653" endy="244.09448818897" width="3.9370078740157" />
    <line layer="TOP_ASSEMBLY" originx="133.85826771653" originy="244.09448818897" endx="-133.85826771653" endy="244.09448818897" width="3.9370078740157" />
    <line layer="TOP_ASSEMBLY" originx="-133.85826771653" originy="244.09448818897" endx="-133.85826771653" endy="228.34645669291" width="3.9370078740157" />
    <line layer="TOP_ASSEMBLY" originx="-133.85826771653" originy="228.34645669291" endx="-149.6062992126" endy="228.34645669291" width="3.9370078740157" />
    <line layer="TOP_ASSEMBLY" originx="-149.6062992126" originy="228.34645669291" endx="-157.48031496063" endy="244.09448818897" width="3.9370078740157" />
    <line layer="TOP_ASSEMBLY" originx="-157.48031496063" originy="244.09448818897" endx="-177.16535433071" endy="244.09448818897" width="3.9370078740157" />
    <line layer="TOP_SILKSCREEN" originx="-311.41732283464" originy="39.370078740157" endx="-311.41732283464" endy="-98.425196850392" width="7.8740157480314" />
    <line layer="TOP_SILKSCREEN" originx="-311.41732283464" originy="-98.425196850392" endx="-291.33858267716" endy="-137.79527559055" width="7.8740157480314" />
    <line layer="TOP_SILKSCREEN" originx="-291.33858267716" originy="-137.79527559055" endx="-275.5905511811" endy="-137.79527559055" width="7.8740157480314" />
    <line layer="TOP_SILKSCREEN" originx="-275.5905511811" originy="-137.79527559055" endx="-255.90551181102" endy="-98.425196850392" width="7.8740157480314" />
    <line layer="TOP_SILKSCREEN" originx="-255.90551181102" originy="-98.425196850392" endx="-255.90551181102" endy="-19.685039370078" width="7.8740157480314" />
    <line layer="TOP_SILKSCREEN" originx="-255.90551181102" originy="-19.685039370078" endx="-236.22047244094" endy="-19.685039370078" width="7.8740157480314" />
    <line layer="TOP_SILKSCREEN" originx="-236.22047244094" originy="-19.685039370078" endx="-236.22047244094" endy="-307.08661417322" width="7.8740157480314" />
    <line layer="TOP_SILKSCREEN" originx="-236.22047244094" originy="-307.08661417322" endx="-275.5905511811" endy="-307.08661417322" width="7.8740157480314" />
    <line layer="TOP_SILKSCREEN" originx="-275.5905511811" originy="-307.08661417322" endx="-275.5905511811" endy="-316.53543307086" width="7.8740157480314" />
    <line layer="TOP_SILKSCREEN" originx="-275.5905511811" originy="-316.53543307086" endx="-216.53543307086" endy="-314.96062992126" width="7.8740157480314" />
    <line layer="TOP_SILKSCREEN" originx="-216.53543307086" originy="-314.96062992126" endx="-216.53543307086" endy="-291.33858267716" width="7.8740157480314" />
    <line layer="TOP_SILKSCREEN" originx="-216.53543307086" originy="-291.33858267716" endx="-177.16535433071" endy="-291.33858267716" width="7.8740157480314" />
    <line layer="TOP_SILKSCREEN" originx="-177.16535433071" originy="-291.33858267716" endx="-177.16535433071" endy="-316.53543307086" width="7.8740157480314" />
    <line layer="TOP_SILKSCREEN" originx="-177.16535433071" originy="-316.53543307086" endx="177.16535433071" endy="-314.96062992126" width="7.8740157480314" />
    <line layer="TOP_SILKSCREEN" originx="177.16535433071" originy="-314.96062992126" endx="177.16535433071" endy="-291.33858267716" width="7.8740157480314" />
    <line layer="TOP_SILKSCREEN" originx="177.16535433071" originy="-291.33858267716" endx="216.53543307086" endy="-291.33858267716" width="7.8740157480314" />
    <line layer="TOP_SILKSCREEN" originx="216.53543307086" originy="-291.33858267716" endx="216.53543307086" endy="-316.53543307086" width="7.8740157480314" />
    <line layer="TOP_SILKSCREEN" originx="216.53543307086" originy="-316.53543307086" endx="275.5905511811" endy="-314.96062992126" width="7.8740157480314" />
    <line layer="TOP_SILKSCREEN" originx="275.5905511811" originy="-314.96062992126" endx="275.5905511811" endy="-307.08661417322" width="7.8740157480314" />
    <line layer="TOP_SILKSCREEN" originx="275.5905511811" originy="-307.08661417322" endx="236.22047244094" endy="-307.08661417322" width="7.8740157480314" />
    <line layer="TOP_SILKSCREEN" originx="236.22047244094" originy="-307.08661417322" endx="236.22047244094" endy="-19.685039370078" width="7.8740157480314" />
    <line layer="TOP_SILKSCREEN" originx="236.22047244094" originy="-19.685039370078" endx="255.90551181102" endy="-19.685039370078" width="7.8740157480314" />
    <line layer="TOP_SILKSCREEN" originx="255.90551181102" originy="-19.685039370078" endx="255.90551181102" endy="-98.425196850392" width="7.8740157480314" />
    <line layer="TOP_SILKSCREEN" originx="255.90551181102" originy="-98.425196850392" endx="275.5905511811" endy="-137.79527559055" width="7.8740157480314" />
    <line layer="TOP_SILKSCREEN" originx="275.5905511811" originy="-137.79527559055" endx="295.27559055118" endy="-137.79527559055" width="7.8740157480314" />
    <line layer="TOP_SILKSCREEN" originx="295.27559055118" originy="-137.79527559055" endx="311.81102362204" endy="-98.425196850392" width="7.8740157480314" />
    <line layer="TOP_SILKSCREEN" originx="311.81102362204" originy="-98.425196850392" endx="311.41732283464" endy="39.370078740157" width="7.8740157480314" />
    <line layer="TOP_SILKSCREEN" originx="-137.79527559055" originy="330.70866141732" endx="-137.79527559055" endy="330.70866141732" width="3.9370078740157" />
    <arc layer="TOP_SILKSCREEN" originx="-137.79527559055" originy="332.67716535433" startangle="-90.0" sweepangle="180.0" radius="1.9685039370078" width="3.9370078740157" />
    <line layer="TOP_SILKSCREEN" originx="-137.79527559055" originy="334.64566929133" endx="-137.79527559055" endy="334.64566929133" width="3.9370078740157" />
    <arc layer="TOP_SILKSCREEN" originx="-137.79527559055" originy="332.67716535433" startangle="90.0" sweepangle="180.0" radius="1.9685039370078" width="3.9370078740157" />
    <line layer="TOP_ASSEMBLY" originx="-177.16535433071" originy="244.09448818897" endx="-196.85039370078" endy="244.09448818897" width="3.9370078740157" />
    <line layer="TOP_ASSEMBLY" originx="-196.85039370078" originy="244.09448818897" endx="-196.85039370078" endy="292.51968503937" width="3.9370078740157" />
    <line layer="TOP_ASSEMBLY" originx="-196.85039370078" originy="292.51968503937" endx="-196.85039370078" endy="295.27559055118" width="3.9370078740157" />
    <line layer="TOP_ASSEMBLY" originx="-196.85039370078" originy="295.27559055118" endx="-216.53543307086" endy="316.53543307086" width="3.9370078740157" />
    <line layer="TOP_ASSEMBLY" originx="-216.53543307086" originy="316.53543307086" endx="-311.41732283464" endy="316.53543307086" width="3.9370078740157" />
  </footprint>
  <symbol name="USB1055-GF-L-A" originx="0" originy="0">
    <line originx="200" originy="100" endx="700" endy="100" width="0" />
    <line originx="700" originy="-400" endx="700" endy="100" width="0" />
    <line originx="700" originy="-400" endx="200" endy="-400" width="0" />
    <line originx="200" originy="100" endx="200" endy="-400" width="0" />
    <sympin number="1" originx="700" originy="0" rotation="0" length="100" width="7.8740157480315" flipped="False">
      <text name="pinname" originx="670" originy="0" style="Default" rotation="0" justify="right" flipped="False" hidden="False" data="1" />
      <text name="pindes" originx="760" originy="20" style="Default" rotation="0" justify="lowerleft" flipped="False" hidden="False" data="1" />
    </sympin>
    <sympin number="2" originx="700" originy="-100" rotation="0" length="100" width="7.8740157480315" flipped="False">
      <text name="pinname" originx="670" originy="-100" style="Default" rotation="0" justify="right" flipped="False" hidden="False" data="2" />
      <text name="pindes" originx="760" originy="-80" style="Default" rotation="0" justify="lowerleft" flipped="False" hidden="False" data="2" />
    </sympin>
    <sympin number="3" originx="700" originy="-200" rotation="0" length="100" width="7.8740157480315" flipped="False">
      <text name="pinname" originx="670" originy="-200" style="Default" rotation="0" justify="right" flipped="False" hidden="False" data="3" />
      <text name="pindes" originx="760" originy="-180" style="Default" rotation="0" justify="lowerleft" flipped="False" hidden="False" data="3" />
    </sympin>
    <sympin number="4" originx="700" originy="-300" rotation="0" length="100" width="7.8740157480315" flipped="False">
      <text name="pinname" originx="670" originy="-300" style="Default" rotation="0" justify="right" flipped="False" hidden="False" data="4" />
      <text name="pindes" originx="760" originy="-280" style="Default" rotation="0" justify="lowerleft" flipped="False" hidden="False" data="4" />
    </sympin>
    <sympin number="5" originx="200" originy="0" rotation="180" length="100" width="7.8740157480315" flipped="False">
      <text name="pinname" originx="230" originy="0" style="Default" rotation="0" justify="left" flipped="False" hidden="False" data="MH1" />
      <text name="pindes" originx="140" originy="20" style="Default" rotation="0" justify="lowerright" flipped="False" hidden="False" data="MH1" />
    </sympin>
    <sympin number="6" originx="200" originy="-100" rotation="180" length="100" width="7.8740157480315" flipped="False">
      <text name="pinname" originx="230" originy="-100" style="Default" rotation="0" justify="left" flipped="False" hidden="False" data="MH2" />
      <text name="pindes" originx="140" originy="-80" style="Default" rotation="0" justify="lowerright" flipped="False" hidden="False" data="MH2" />
    </sympin>
  </symbol>
  <component name="USB1055-GF-L-A" designatorprefix="J" height="290.15748031496" footprint="USB1055GFLA">
    <comppin designator="1" sympin="1" pinswap="0" gateswap="0" gate="1" group="1" side="" type="Any" name="1" />
    <comppin designator="2" sympin="2" pinswap="0" gateswap="0" gate="1" group="1" side="" type="Any" name="2" />
    <comppin designator="3" sympin="3" pinswap="0" gateswap="0" gate="1" group="1" side="" type="Any" name="3" />
    <comppin designator="4" sympin="4" pinswap="0" gateswap="0" gate="1" group="1" side="" type="Any" name="4" />
    <comppin designator="MH1" sympin="5" pinswap="0" gateswap="0" gate="1" group="1" side="" type="Any" name="MH1" />
    <comppin designator="MH2" sympin="6" pinswap="0" gateswap="0" gate="1" group="1" side="" type="Any" name="MH2" />
    <attached_symbol gate="1" name="USB1055-GF-L-A" />
    <pinmap designator="1" footprintpin="1" />
    <pinmap designator="2" footprintpin="2" />
    <pinmap designator="3" footprintpin="3" />
    <pinmap designator="4" footprintpin="4" />
    <pinmap designator="MH1" footprintpin="5" />
    <pinmap designator="MH2" footprintpin="6" />
    <text name="Datasheet" originx="0" originy="0" style="Default" rotation="0" justify="" flipped="False" hidden="True" data="https://www.mouser.de/datasheet/2/837/USB1055-2888031.pdf" />
    <text name="Description" originx="0" originy="0" style="Default" rotation="0" justify="" flipped="False" hidden="True" data="USB Connectors USB A Skt, Mid Top SMT, R/A, GF, offset 2.24mm,W/stake, T&amp;R" />
    <text name="Mouser Part Number" originx="0" originy="0" style="Default" rotation="0" justify="" flipped="False" hidden="True" data="640-USB1055-GF-L-A" />
    <text name="Mouser Price/Stock" originx="0" originy="0" style="Default" rotation="0" justify="" flipped="False" hidden="True" data="https://www.mouser.co.uk/ProductDetail/GCT/USB1055-GF-L-A?qs=KUoIvG%2F9IlbT%2FUEMJluenA%3D%3D" />
    <text name="Manufacturer_Name" originx="0" originy="0" style="Default" rotation="0" justify="" flipped="False" hidden="True" data="GCT (GLOBAL CONNECTOR TECHNOLOGY)" />
    <text name="Manufacturer_Part_Number" originx="750" originy="200" style="Default" rotation="0" justify="left" flipped="False" hidden="False" data="USB1055-GF-L-A" />
  </component>
</quadcept_library>
