<?xml version="1.0" encoding="utf-8"?>
<!--/2326265/104081/2.50/5/4/Switch/-->
<quadcept_library>
  <setting unit="mil" />
  <textstyle name="Default" height="47.244094488189" strokewidth="7.8740157480315" charwidth="47.244094488189" />
  <textstyle name="Dimension" height="19.6850393700787" strokewidth="0" charwidth="19.6850393700787" />
  <textstyle name="H127W0635TH00762" height="50" strokewidth="3" charwidth="25" />
  <textstyle name="H15W15TH02" height="59.0551181102362" strokewidth="7.8740157480315" charwidth="59.0551181102362" />
  <padstyle name="r180_75" surface="True" plated="False" isvia="False" nopaste="False" nomask="True" complex="False" holesize="0">
    <padshape layer="TOP" shape="rectangle" width="29.527559055118" height="70.866141732283" />
    <padshape layer="TOP_SOLDER_MASK" shape="rectangle" width="37.401574803149" height="78.740157480314" />
    <padshape layer="TOP_SOLDER_PASTE" shape="rectangle" width="29.527559055118" height="70.866141732283" />
  </padstyle>
  <padstyle name="r180_60" surface="True" plated="False" isvia="False" nopaste="False" nomask="True" complex="False" holesize="0">
    <padshape layer="TOP" shape="rectangle" width="23.622047244094" height="70.866141732283" />
    <padshape layer="TOP_SOLDER_MASK" shape="rectangle" width="31.496062992126" height="78.740157480314" />
    <padshape layer="TOP_SOLDER_PASTE" shape="rectangle" width="23.622047244094" height="70.866141732283" />
  </padstyle>
  <padstyle name="c45_h90" surface="False" plated="True" isvia="False" nopaste="True" nomask="True" complex="False" holesize="35.433070866141">
    <padshape layer="TOP" shape="round" width="17.716535433071" height="17.716535433071" />
    <padshape layer="TOP_SOLDER_MASK" shape="round" width="25.590551181102" height="25.590551181102" />
    <padshape layer="INNER" shape="round" width="17.716535433071" height="17.716535433071" />
    <padshape layer="BOTTOM" shape="round" width="17.716535433071" height="17.716535433071" />
    <padshape layer="BOTTOM_SOLDER_MASK" shape="round" width="25.590551181102" height="25.590551181102" />
  </padstyle>
  <padstyle name="r130_90" surface="True" plated="False" isvia="False" nopaste="False" nomask="True" complex="False" holesize="0">
    <padshape layer="TOP" shape="rectangle" width="35.433070866141" height="51.181102362204" />
    <padshape layer="TOP_SOLDER_MASK" shape="rectangle" width="43.307086614173" height="59.055118110235" />
    <padshape layer="TOP_SOLDER_PASTE" shape="rectangle" width="35.433070866141" height="51.181102362204" />
  </padstyle>
  <footprint name="SKRTLAE010" originx="0" originy="0" pickpointx="0" pickpointy="0">
    <pcbpin number="1" name="1" style="r180_75" originx="-48.228346456692" originy="49.212598425196" rotation="0" />
    <pcbpin number="2" name="2" style="r180_60" originx="0" originy="49.212598425196" rotation="0" />
    <pcbpin number="3" name="3" style="r180_75" originx="48.228346456692" originy="49.212598425196" rotation="0" />
    <pcbpin number="4" name="MH1" style="c45_h90" originx="-83.661417322834" originy="13.779527559055" rotation="90" />
    <pcbpin number="5" name="MH2" style="c45_h90" originx="83.661417322834" originy="13.779527559055" rotation="90" />
    <pcbpin number="6" name="MP1" style="r130_90" originx="-72.83464566929" originy="-27.55905511811" rotation="90" />
    <pcbpin number="7" name="MP2" style="r130_90" originx="72.83464566929" originy="-27.55905511811" rotation="90" />
    <line layer="TOP_ASSEMBLY" originx="-88.582677165353" originy="66.929133858267" endx="86.614173228345" endy="66.929133858267" width="3.9370078740157" />
    <line layer="TOP_ASSEMBLY" originx="86.614173228345" originy="66.929133858267" endx="86.614173228345" endy="-33.858267716535" width="3.9370078740157" />
    <line layer="TOP_ASSEMBLY" originx="86.614173228345" originy="-33.858267716535" endx="-88.582677165353" endy="-33.858267716535" width="3.9370078740157" />
    <line layer="TOP_ASSEMBLY" originx="-88.582677165353" originy="-33.858267716535" endx="-88.582677165353" endy="66.929133858267" width="3.9370078740157" />
    <line layer="TOP_PLACE_BOUND" originx="-140.74803149606" originy="124.01574803149" endx="140.74803149606" endy="124.01574803149" width="3.9370078740157" />
    <line layer="TOP_PLACE_BOUND" originx="140.74803149606" originy="124.01574803149" endx="140.74803149606" endy="-106.29921259842" width="3.9370078740157" />
    <line layer="TOP_PLACE_BOUND" originx="140.74803149606" originy="-106.29921259842" endx="-140.74803149606" endy="-106.29921259842" width="3.9370078740157" />
    <line layer="TOP_PLACE_BOUND" originx="-140.74803149606" originy="-106.29921259842" endx="-140.74803149606" endy="124.01574803149" width="3.9370078740157" />
    <line layer="TOP_ASSEMBLY" originx="38.385826771653" originy="-33.858267716535" endx="38.385826771653" endy="-66.929133858267" width="3.9370078740157" />
    <line layer="TOP_ASSEMBLY" originx="38.385826771653" originy="-66.929133858267" endx="-40.354330708661" endy="-66.929133858267" width="3.9370078740157" />
    <line layer="TOP_ASSEMBLY" originx="-40.354330708661" originy="-66.929133858267" endx="-40.354330708661" endy="-33.858267716535" width="3.9370078740157" />
    <line layer="TOP_SILKSCREEN" originx="38.385826771653" originy="-58.661417322834" endx="38.385826771653" endy="-66.929133858267" width="7.8740157480314" />
    <line layer="TOP_SILKSCREEN" originx="38.385826771653" originy="-66.929133858267" endx="-40.354330708661" endy="-66.929133858267" width="7.8740157480314" />
    <line layer="TOP_SILKSCREEN" originx="-40.354330708661" originy="-66.929133858267" endx="-40.354330708661" endy="-58.661417322834" width="7.8740157480314" />
    <line layer="TOP_SILKSCREEN" originx="-32.48031496063" originy="-33.858267716535" endx="30.511811023622" endy="-33.858267716535" width="7.8740157480314" />
    <line layer="TOP_SILKSCREEN" originx="-62.992125984251" originy="102.36220472441" endx="-62.992125984251" endy="102.36220472441" width="3.9370078740157" />
    <arc layer="TOP_SILKSCREEN" originx="-62.992125984251" originy="100.3937007874" startangle="90.0" sweepangle="180.0" radius="1.9685039370079" width="3.9370078740157" />
    <line layer="TOP_SILKSCREEN" originx="-62.992125984251" originy="98.425196850392" endx="-62.992125984251" endy="98.425196850392" width="3.9370078740157" />
    <arc layer="TOP_SILKSCREEN" originx="-62.992125984251" originy="100.3937007874" startangle="-90.0" sweepangle="180.0" radius="1.9685039370079" width="3.9370078740157" />
  </footprint>
  <symbol name="SKRTLAE010" originx="0" originy="0">
    <line originx="200" originy="100" endx="700" endy="100" width="0" />
    <line originx="700" originy="-300" endx="700" endy="100" width="0" />
    <line originx="700" originy="-300" endx="200" endy="-300" width="0" />
    <line originx="200" originy="100" endx="200" endy="-300" width="0" />
    <sympin number="1" originx="700" originy="0" rotation="0" length="100" width="7.8740157480315" flipped="False">
      <text name="pinname" originx="670" originy="0" style="Default" rotation="0" justify="right" flipped="False" hidden="False" data="1" />
      <text name="pindes" originx="760" originy="20" style="Default" rotation="0" justify="lowerleft" flipped="False" hidden="False" data="1" />
    </sympin>
    <sympin number="2" originx="700" originy="-100" rotation="0" length="100" width="7.8740157480315" flipped="False">
      <text name="pinname" originx="670" originy="-100" style="Default" rotation="0" justify="right" flipped="False" hidden="False" data="2" />
      <text name="pindes" originx="760" originy="-80" style="Default" rotation="0" justify="lowerleft" flipped="False" hidden="False" data="2" />
    </sympin>
    <sympin number="3" originx="700" originy="-200" rotation="0" length="100" width="7.8740157480315" flipped="False">
      <text name="pinname" originx="670" originy="-200" style="Default" rotation="0" justify="right" flipped="False" hidden="False" data="3" />
      <text name="pindes" originx="760" originy="-180" style="Default" rotation="0" justify="lowerleft" flipped="False" hidden="False" data="3" />
    </sympin>
    <sympin number="4" originx="200" originy="0" rotation="180" length="100" width="7.8740157480315" flipped="False">
      <text name="pinname" originx="230" originy="0" style="Default" rotation="0" justify="left" flipped="False" hidden="False" data="MP1" />
      <text name="pindes" originx="140" originy="20" style="Default" rotation="0" justify="lowerright" flipped="False" hidden="False" data="MP1" />
    </sympin>
    <sympin number="5" originx="200" originy="-100" rotation="180" length="100" width="7.8740157480315" flipped="False">
      <text name="pinname" originx="230" originy="-100" style="Default" rotation="0" justify="left" flipped="False" hidden="False" data="MP2" />
      <text name="pindes" originx="140" originy="-80" style="Default" rotation="0" justify="lowerright" flipped="False" hidden="False" data="MP2" />
    </sympin>
  </symbol>
  <component name="SKRTLAE010" designatorprefix="S" height="129.92125984252" footprint="SKRTLAE010">
    <comppin designator="1" sympin="1" pinswap="0" gateswap="0" gate="1" group="1" side="" type="Any" name="1" />
    <comppin designator="2" sympin="2" pinswap="0" gateswap="0" gate="1" group="1" side="" type="Any" name="2" />
    <comppin designator="3" sympin="3" pinswap="0" gateswap="0" gate="1" group="1" side="" type="Any" name="3" />
    <comppin designator="MP1" sympin="4" pinswap="0" gateswap="0" gate="1" group="1" side="" type="Any" name="MP1" />
    <comppin designator="MP2" sympin="5" pinswap="0" gateswap="0" gate="1" group="1" side="" type="Any" name="MP2" />
    <attached_symbol gate="1" name="SKRTLAE010" />
    <pinmap designator="1" footprintpin="1" />
    <pinmap designator="2" footprintpin="2" />
    <pinmap designator="3" footprintpin="3" />
    <pinmap designator="MP1" footprintpin="4" />
    <pinmap designator="MP2" footprintpin="5" />
    <text name="Datasheet" originx="0" originy="0" style="Default" rotation="0" justify="" flipped="False" hidden="True" data="https://tech.alpsalpine.com/e/products/detail/SKRTLAE010/" />
    <text name="Description" originx="0" originy="0" style="Default" rotation="0" justify="" flipped="False" hidden="True" data="Tactile Switches 4.46x3.5x3.3mm 160gf with guide bosses" />
    <text name="Mouser Part Number" originx="0" originy="0" style="Default" rotation="0" justify="" flipped="False" hidden="True" data="688-SKRTLA" />
    <text name="Mouser Price/Stock" originx="0" originy="0" style="Default" rotation="0" justify="" flipped="False" hidden="True" data="https://www.mouser.co.uk/ProductDetail/Alps-Alpine/SKRTLAE010?qs=4nKZKRgDHlm3FhoHNgWQ9A%3D%3D" />
    <text name="Manufacturer_Name" originx="0" originy="0" style="Default" rotation="0" justify="" flipped="False" hidden="True" data="ALPS Electric" />
    <text name="Manufacturer_Part_Number" originx="750" originy="200" style="Default" rotation="0" justify="left" flipped="False" hidden="False" data="SKRTLAE010" />
  </component>
</quadcept_library>
