<?xml version="1.0" encoding="utf-8"?>
<!--/1236164/104081/2.50/3/2/Connector/-->
<quadcept_library>
  <setting unit="mil" />
  <textstyle name="Default" height="47.244094488189" strokewidth="7.8740157480315" charwidth="47.244094488189" />
  <textstyle name="Dimension" height="19.6850393700787" strokewidth="0" charwidth="19.6850393700787" />
  <textstyle name="H127W0635TH00762" height="50" strokewidth="3" charwidth="25" />
  <textstyle name="H15W15TH02" height="59.0551181102362" strokewidth="7.8740157480315" charwidth="59.0551181102362" />
  <padstyle name="r317_102" surface="True" plated="False" isvia="False" nopaste="False" nomask="True" complex="False" holesize="0">
    <padshape layer="TOP" shape="rectangle" width="40.15748031496" height="124.8031496063" />
    <padshape layer="TOP_SOLDER_MASK" shape="rectangle" width="48.031496062992" height="132.67716535433" />
    <padshape layer="TOP_SOLDER_PASTE" shape="rectangle" width="40.15748031496" height="124.8031496063" />
  </padstyle>
  <footprint name="M208890345R" originx="0" originy="0" pickpointx="0" pickpointy="0">
    <pcbpin number="1" name="1" style="r317_102" originx="-99.999999999999" originy="-65.27559055118" rotation="0" />
    <pcbpin number="2" name="2" style="r317_102" originx="0" originy="-65.27559055118" rotation="0" />
    <pcbpin number="3" name="3" style="r317_102" originx="99.999999999999" originy="-65.27559055118" rotation="0" />
    <line layer="TOP_ASSEMBLY" originx="-150" originy="127.67716535433" endx="150" endy="127.67716535433" width="7.8740157480314" />
    <line layer="TOP_ASSEMBLY" originx="150" originy="127.67716535433" endx="150" endy="29.212598425196" width="7.8740157480314" />
    <line layer="TOP_ASSEMBLY" originx="150" originy="29.212598425196" endx="-150" endy="29.212598425196" width="7.8740157480314" />
    <line layer="TOP_ASSEMBLY" originx="-150" originy="29.212598425196" endx="-150" endy="127.67716535433" width="7.8740157480314" />
    <line layer="TOP_SILKSCREEN" originx="-150" originy="127.67716535433" endx="150" endy="127.67716535433" width="3.9370078740157" />
    <line layer="TOP_SILKSCREEN" originx="150" originy="127.67716535433" endx="150" endy="29.212598425196" width="3.9370078740157" />
    <line layer="TOP_SILKSCREEN" originx="150" originy="29.212598425196" endx="-150" endy="29.212598425196" width="3.9370078740157" />
    <line layer="TOP_SILKSCREEN" originx="-150" originy="29.212598425196" endx="-150" endy="127.67716535433" width="3.9370078740157" />
    <line layer="TOP_PLACE_BOUND" originx="-189.37007874016" originy="167.00787401575" endx="189.37007874016" endy="167.00787401575" width="3.9370078740157" />
    <line layer="TOP_PLACE_BOUND" originx="189.37007874016" originy="167.00787401575" endx="189.37007874016" endy="-167.00787401575" width="3.9370078740157" />
    <line layer="TOP_PLACE_BOUND" originx="189.37007874016" originy="-167.00787401575" endx="-189.37007874016" endy="-167.00787401575" width="3.9370078740157" />
    <line layer="TOP_PLACE_BOUND" originx="-189.37007874016" originy="-167.00787401575" endx="-189.37007874016" endy="167.00787401575" width="3.9370078740157" />
  </footprint>
  <symbol name="M20-8890345R" originx="0" originy="0">
    <line originx="200" originy="100" endx="600" endy="100" width="0" />
    <line originx="600" originy="-300" endx="600" endy="100" width="0" />
    <line originx="600" originy="-300" endx="200" endy="-300" width="0" />
    <line originx="200" originy="100" endx="200" endy="-300" width="0" />
    <sympin number="1" originx="200" originy="0" rotation="180" length="100" width="7.8740157480315" flipped="False">
      <text name="pinname" originx="230" originy="0" style="Default" rotation="0" justify="left" flipped="False" hidden="False" data="1" />
      <text name="pindes" originx="140" originy="20" style="Default" rotation="0" justify="lowerright" flipped="False" hidden="False" data="1" />
    </sympin>
    <sympin number="2" originx="200" originy="-100" rotation="180" length="100" width="7.8740157480315" flipped="False">
      <text name="pinname" originx="230" originy="-100" style="Default" rotation="0" justify="left" flipped="False" hidden="False" data="2" />
      <text name="pindes" originx="140" originy="-80" style="Default" rotation="0" justify="lowerright" flipped="False" hidden="False" data="2" />
    </sympin>
    <sympin number="3" originx="200" originy="-200" rotation="180" length="100" width="7.8740157480315" flipped="False">
      <text name="pinname" originx="230" originy="-200" style="Default" rotation="0" justify="left" flipped="False" hidden="False" data="3" />
      <text name="pindes" originx="140" originy="-180" style="Default" rotation="0" justify="lowerright" flipped="False" hidden="False" data="3" />
    </sympin>
  </symbol>
  <component name="M20-8890345R" designatorprefix="J" height="78.740157480314" footprint="M208890345R">
    <comppin designator="1" sympin="1" pinswap="0" gateswap="0" gate="1" group="1" side="" type="Any" name="1" />
    <comppin designator="2" sympin="2" pinswap="0" gateswap="0" gate="1" group="1" side="" type="Any" name="2" />
    <comppin designator="3" sympin="3" pinswap="0" gateswap="0" gate="1" group="1" side="" type="Any" name="3" />
    <attached_symbol gate="1" name="M20-8890345R" />
    <pinmap designator="1" footprintpin="1" />
    <pinmap designator="2" footprintpin="2" />
    <pinmap designator="3" footprintpin="3" />
    <text name="Datasheet" originx="0" originy="0" style="Default" rotation="0" justify="" flipped="False" hidden="True" data="https://cdn.harwin.com/pdfs/M20-889.pdf" />
    <text name="Description" originx="0" originy="0" style="Default" rotation="0" justify="" flipped="False" hidden="True" data="2.54mm (0.1&quot;) Pitch SIL SMT Horizontal Pin Header, 2.5mm housing height, gold, 3 contacts, pick &amp; place (Tape &amp; Reel packing)" />
    <text name="Mouser Part Number" originx="0" originy="0" style="Default" rotation="0" justify="" flipped="False" hidden="True" data="855-M20-8890345R" />
    <text name="Mouser Price/Stock" originx="0" originy="0" style="Default" rotation="0" justify="" flipped="False" hidden="True" data="https://www.mouser.co.uk/ProductDetail/Harwin/M20-8890345R?qs=k41KVqW3ymriHGLNkY9Y%252Bg%3D%3D" />
    <text name="Manufacturer_Name" originx="0" originy="0" style="Default" rotation="0" justify="" flipped="False" hidden="True" data="Harwin" />
    <text name="Manufacturer_Part_Number" originx="650" originy="200" style="Default" rotation="0" justify="left" flipped="False" hidden="False" data="M20-8890345R" />
  </component>
</quadcept_library>
