<?xml version="1.0" encoding="utf-8"?>
<!--/1236163/104081/2.50/2/2/Connector/-->
<quadcept_library>
  <setting unit="mil" />
  <textstyle name="Default" height="47.244094488189" strokewidth="7.8740157480315" charwidth="47.244094488189" />
  <textstyle name="Dimension" height="19.6850393700787" strokewidth="0" charwidth="19.6850393700787" />
  <textstyle name="H127W0635TH00762" height="50" strokewidth="3" charwidth="25" />
  <textstyle name="H15W15TH02" height="59.0551181102362" strokewidth="7.8740157480315" charwidth="59.0551181102362" />
  <padstyle name="r317_102" surface="True" plated="False" isvia="False" nopaste="False" nomask="True" complex="False" holesize="0">
    <padshape layer="TOP" shape="rectangle" width="40.15748031496" height="124.8031496063" />
    <padshape layer="TOP_SOLDER_MASK" shape="rectangle" width="48.031496062992" height="132.67716535433" />
    <padshape layer="TOP_SOLDER_PASTE" shape="rectangle" width="40.15748031496" height="124.8031496063" />
  </padstyle>
  <footprint name="M208890245" originx="0" originy="0" pickpointx="0" pickpointy="0">
    <pcbpin number="1" name="1" style="r317_102" originx="-49.999999999999" originy="-196.85039370078" rotation="0" />
    <pcbpin number="2" name="2" style="r317_102" originx="49.999999999999" originy="-196.85039370078" rotation="0" />
    <line layer="TOP_ASSEMBLY" originx="-99.999999999999" originy="-137.79527559055" endx="99.999999999999" endy="-137.79527559055" width="7.8740157480314" />
    <line layer="TOP_ASSEMBLY" originx="99.999999999999" originy="-137.79527559055" endx="99.999999999999" endy="-39.370078740157" width="7.8740157480314" />
    <line layer="TOP_ASSEMBLY" originx="99.999999999999" originy="-39.370078740157" endx="-99.999999999999" endy="-39.370078740157" width="7.8740157480314" />
    <line layer="TOP_ASSEMBLY" originx="-99.999999999999" originy="-39.370078740157" endx="-99.999999999999" endy="-137.79527559055" width="7.8740157480314" />
    <line layer="TOP_PLACE_BOUND" originx="-131.49606299212" originy="228.34645669291" endx="131.49606299212" endy="228.34645669291" width="3.9370078740157" />
    <line layer="TOP_PLACE_BOUND" originx="131.49606299212" originy="228.34645669291" endx="131.49606299212" endy="-290.74803149606" width="3.9370078740157" />
    <line layer="TOP_PLACE_BOUND" originx="131.49606299212" originy="-290.74803149606" endx="-131.49606299212" endy="-290.74803149606" width="3.9370078740157" />
    <line layer="TOP_PLACE_BOUND" originx="-131.49606299212" originy="-290.74803149606" endx="-131.49606299212" endy="228.34645669291" width="3.9370078740157" />
    <line layer="TOP_ASSEMBLY" originx="-49.999999999999" originy="-39.370078740157" endx="-49.999999999999" endy="196.85039370078" width="11.811023622047" />
    <line layer="TOP_ASSEMBLY" originx="49.999999999999" originy="-39.370078740157" endx="49.999999999999" endy="196.85039370078" width="11.811023622047" />
    <line layer="TOP_SILKSCREEN" originx="-99.999999999999" originy="-139.37007874016" endx="-99.999999999999" endy="-39.370078740157" width="3.9370078740157" />
    <line layer="TOP_SILKSCREEN" originx="-99.999999999999" originy="-39.370078740157" endx="99.999999999999" endy="-39.370078740157" width="3.9370078740157" />
    <line layer="TOP_SILKSCREEN" originx="99.999999999999" originy="-39.370078740157" endx="99.999999999999" endy="-139.37007874016" width="3.9370078740157" />
  </footprint>
  <symbol name="M20-8890245R" originx="0" originy="0">
    <line originx="200" originy="100" endx="600" endy="100" width="0" />
    <line originx="600" originy="-200" endx="600" endy="100" width="0" />
    <line originx="600" originy="-200" endx="200" endy="-200" width="0" />
    <line originx="200" originy="100" endx="200" endy="-200" width="0" />
    <sympin number="1" originx="200" originy="0" rotation="180" length="100" width="7.8740157480315" flipped="False">
      <text name="pinname" originx="230" originy="0" style="Default" rotation="0" justify="left" flipped="False" hidden="False" data="1" />
      <text name="pindes" originx="140" originy="20" style="Default" rotation="0" justify="lowerright" flipped="False" hidden="False" data="1" />
    </sympin>
    <sympin number="2" originx="200" originy="-100" rotation="180" length="100" width="7.8740157480315" flipped="False">
      <text name="pinname" originx="230" originy="-100" style="Default" rotation="0" justify="left" flipped="False" hidden="False" data="2" />
      <text name="pindes" originx="140" originy="-80" style="Default" rotation="0" justify="lowerright" flipped="False" hidden="False" data="2" />
    </sympin>
  </symbol>
  <component name="M20-8890245R" designatorprefix="J" height="0" footprint="M208890245">
    <comppin designator="1" sympin="1" pinswap="0" gateswap="0" gate="1" group="1" side="" type="Any" name="1" />
    <comppin designator="2" sympin="2" pinswap="0" gateswap="0" gate="1" group="1" side="" type="Any" name="2" />
    <attached_symbol gate="1" name="M20-8890245R" />
    <pinmap designator="1" footprintpin="1" />
    <pinmap designator="2" footprintpin="2" />
    <text name="Datasheet" originx="0" originy="0" style="Default" rotation="0" justify="" flipped="False" hidden="True" data="https://cdn.harwin.com/pdfs/M20-889.pdf" />
    <text name="Description" originx="0" originy="0" style="Default" rotation="0" justify="" flipped="False" hidden="True" data="Headers &amp; Wire Housings 2 WAY SIL HORIZ SMT P/HDR T&amp;R" />
    <text name="Mouser Part Number" originx="0" originy="0" style="Default" rotation="0" justify="" flipped="False" hidden="True" data="855-M20-8890245R" />
    <text name="Mouser Price/Stock" originx="0" originy="0" style="Default" rotation="0" justify="" flipped="False" hidden="True" data="https://www.mouser.co.uk/ProductDetail/Harwin/M20-8890245R?qs=k41KVqW3ymr%2FO0DCXkvZfA%3D%3D" />
    <text name="Manufacturer_Name" originx="0" originy="0" style="Default" rotation="0" justify="" flipped="False" hidden="True" data="Harwin" />
    <text name="Manufacturer_Part_Number" originx="650" originy="200" style="Default" rotation="0" justify="left" flipped="False" hidden="False" data="M20-8890245R" />
  </component>
</quadcept_library>
